-1.300887261555773444e-01,3.843151704307745664e-02,6.057884908779861272e-02,0.000000000000000000e+00
-1.300887261555773444e-01,3.843151704307745664e-02,6.057884908779861272e-02,0.000000000000000000e+00
-1.300887261555773444e-01,3.843151704307745664e-02,6.057884908779861272e-02,0.000000000000000000e+00
-1.300887261555773444e-01,3.843151704307745664e-02,6.057884908779861272e-02,0.000000000000000000e+00
-1.300887261555773444e-01,3.843151704307745664e-02,6.057884908779861272e-02,0.000000000000000000e+00
-1.300887261555773444e-01,3.843151704307745664e-02,6.057884908779861272e-02,0.000000000000000000e+00
-1.300887261555773444e-01,3.843151704307745664e-02,6.057884908779861272e-02,0.000000000000000000e+00
-1.300887261555773444e-01,3.843151704307745664e-02,6.057884908779861272e-02,0.000000000000000000e+00
-1.300887261555773444e-01,3.843151704307745664e-02,6.057884908779861272e-02,0.000000000000000000e+00
-1.300887261555773444e-01,3.843151704307745664e-02,6.057884908779861272e-02,0.000000000000000000e+00
-1.300887261555773444e-01,3.843151704307745664e-02,6.057884908779861272e-02,0.000000000000000000e+00
-1.300887261555773444e-01,3.843151704307745664e-02,6.057884908779861272e-02,0.000000000000000000e+00
-1.300887261555773444e-01,3.843151704307745664e-02,6.057884908779861272e-02,0.000000000000000000e+00
-1.300887261555773444e-01,3.843151704307745664e-02,6.057884908779861272e-02,0.000000000000000000e+00
-1.249899484226764668e-01,3.843151704307745664e-02,6.057884908779861272e-02,0.000000000000000000e+00
-1.170018651369020002e-01,3.843151704307745664e-02,6.057884908779861272e-02,0.000000000000000000e+00
-1.122996592667494797e-01,3.843151704307745664e-02,6.057884908779861272e-02,0.000000000000000000e+00
-1.122996592667494797e-01,3.843151704307745664e-02,6.057884908779861272e-02,0.000000000000000000e+00
-1.122996592667494797e-01,3.843151704307745664e-02,6.057884908779861272e-02,0.000000000000000000e+00
-1.122996592667494797e-01,3.843151704307745664e-02,6.057884908779861272e-02,0.000000000000000000e+00
-1.122996592667494797e-01,3.843151704307745664e-02,6.057884908779861272e-02,0.000000000000000000e+00
-1.122996592667494797e-01,3.843151704307745664e-02,6.057884908779861272e-02,0.000000000000000000e+00
-1.122996592667494797e-01,3.843151704307745664e-02,6.057884908779861272e-02,0.000000000000000000e+00
-1.122996592667494797e-01,3.843151704307745664e-02,6.057884908779861272e-02,0.000000000000000000e+00
-1.122996592667494797e-01,3.843151704307745664e-02,6.057884908779861272e-02,0.000000000000000000e+00
-1.122996592667494797e-01,4.830901858063496590e-02,6.412819580647696749e-02,0.000000000000000000e+00
-1.122996592667494797e-01,6.792490265184218667e-02,7.117689853698629110e-02,0.000000000000000000e+00
-1.122996592667494797e-01,8.211511552108560763e-02,7.627595978093923423e-02,0.000000000000000000e+00
-1.122996592667494797e-01,8.211511552108560763e-02,7.627595978093923423e-02,0.000000000000000000e+00
-1.122996592667494797e-01,8.211511552108560763e-02,7.627595978093923423e-02,0.000000000000000000e+00
-1.122996592667494797e-01,8.211511552108560763e-02,7.627595978093923423e-02,0.000000000000000000e+00
-1.122996592667494797e-01,8.211511552108560763e-02,7.627595978093923423e-02,0.000000000000000000e+00
-1.057278848379674258e-01,6.597722614511224160e-02,8.207489222725838918e-02,0.000000000000000000e+00
-9.773977934164970738e-02,4.636134207390503470e-02,8.912359495776769891e-02,0.000000000000000000e+00
-9.451054534383004913e-02,5.011757477695454044e-02,9.617229768827702252e-02,0.000000000000000000e+00
-9.451054534383004913e-02,6.973345884816176121e-02,1.032210004187863323e-01,0.000000000000000000e+00
-8.861862519193502985e-02,8.211511552108560763e-02,1.128692238248682617e-01,0.000000000000000000e+00
-7.264245731388355165e-02,8.211511552108560763e-02,1.269666292858868673e-01,0.000000000000000000e+00
-5.893241156617436832e-02,8.211511552108560763e-02,1.400642193034548899e-01,0.000000000000000000e+00
-5.893241156617436832e-02,8.211511552108560763e-02,1.471129181144565923e-01,0.000000000000000000e+00
-5.893241156617436832e-02,8.211511552108560763e-02,1.541616299904836895e-01,0.000000000000000000e+00
-5.893241156617436832e-02,8.211511552108560763e-02,1.547615106336372726e-01,0.000000000000000000e+00
-5.893241156617436832e-02,8.211511552108560763e-02,1.547615106336372726e-01,0.000000000000000000e+00
-5.343704890549970388e-02,8.211511552108560763e-02,1.547615106336372726e-01,0.000000000000000000e+00
-4.544894471568453748e-02,8.211511552108560763e-02,1.547615106336372726e-01,0.000000000000000000e+00
-3.746084705838208934e-02,8.211511552108560763e-02,1.580109131112312215e-01,0.000000000000000000e+00
-2.947275854659744607e-02,8.211511552108560763e-02,1.650596119222328961e-01,0.000000000000000000e+00
-2.148466872831026123e-02,8.670607661911006181e-02,1.721083237982600211e-01,0.000000000000000000e+00
-1.349657629701798804e-02,1.063220011918961511e-01,1.791570226092616958e-01,0.000000000000000000e+00
-5.451830910454849924e-03,1.257988041477693109e-01,1.861057478455838410e-01,0.000000000000000000e+00
1.052435408277994748e-02,1.257988041477693109e-01,1.790570359695567160e-01,0.000000000000000000e+00
2.650053972926601914e-02,1.257988041477693109e-01,1.720083371585550414e-01,0.000000000000000000e+00
3.624487860801456351e-02,1.104956013586894797e-01,1.704586291657931574e-01,0.000000000000000000e+00
4.423297103930683150e-02,9.087967678590340437e-02,1.704586291657931574e-01,0.000000000000000000e+00
5.664001305666382241e-02,8.211511552108560763e-02,1.665593461926804242e-01,0.000000000000000000e+00
7.261620706476618059e-02,8.211511552108560763e-02,1.595106343166533269e-01,0.000000000000000000e+00
8.338030906780966034e-02,8.851463673493727147e-02,1.547615106336372726e-01,0.000000000000000000e+00
8.338030906780966034e-02,1.081305613077233468e-01,1.547615106336372726e-01,0.000000000000000000e+00
8.338030906780966034e-02,1.238511237215317307e-01,1.554613909815212858e-01,0.000000000000000000e+00
8.338030906780966034e-02,1.042352004552482003e-01,1.625100897925229604e-01,0.000000000000000000e+00
8.338030906780966034e-02,8.461927588246212495e-02,1.695587886035246350e-01,0.000000000000000000e+00
7.641196146977669024e-02,6.500338789174728293e-02,1.704586291657931574e-01,0.000000000000000000e+00
6.842385727996151690e-02,4.538750382054006910e-02,1.704586291657931574e-01,0.000000000000000000e+00
6.559119514489021585e-02,3.843151704307745664e-02,1.704586291657931574e-01,0.000000000000000000e+00
6.559119514489021585e-02,3.843151704307745664e-02,1.704586291657931574e-01,0.000000000000000000e+00
6.893373557585261158e-02,4.663958138822323768e-02,1.645597048537588702e-01,0.000000000000000000e+00
7.692184107217034383e-02,6.625546545943043764e-02,1.504623072317554933e-01,0.000000000000000000e+00
8.490994134247788205e-02,8.211511552108560763e-02,1.377146573881294911e-01,0.000000000000000000e+00
9.289802593475487980e-02,8.211511552108560763e-02,1.306659455121023383e-01,0.000000000000000000e+00
1.008861105270318914e-01,8.211511552108560763e-02,1.236172467011006776e-01,0.000000000000000000e+00
1.165790325730159255e-01,8.211511552108560763e-02,1.233672918603611057e-01,0.000000000000000000e+00
1.325552265811182628e-01,8.211511552108560763e-02,1.233672918603611057e-01,0.000000000000000000e+00
1.426394795332848742e-01,8.211511552108560763e-02,1.181682492027133630e-01,0.000000000000000000e+00
1.506275536735415255e-01,8.211511552108560763e-02,1.111195464722040394e-01,0.000000000000000000e+00
1.586156539438490776e-01,8.211511552108560763e-02,1.040708437416947296e-01,0.000000000000000000e+00
1.666037542141566297e-01,8.211511552108560763e-02,9.702214101118540601e-02,0.000000000000000000e+00
1.723257388866345774e-01,8.211511552108560763e-02,8.997343828067609628e-02,0.000000000000000000e+00
1.723257388866345774e-01,8.211511552108560763e-02,8.292473685666933159e-02,0.000000000000000000e+00
1.723257388866345774e-01,8.211511552108560763e-02,7.627595978093923423e-02,0.000000000000000000e+00
1.723257388866345774e-01,8.211511552108560763e-02,7.627595978093923423e-02,0.000000000000000000e+00
1.723257388866345774e-01,8.211511552108560763e-02,7.627595978093923423e-02,0.000000000000000000e+00
1.723257388866345774e-01,6.583810583470187106e-02,7.042703662777269336e-02,0.000000000000000000e+00
1.723257388866345774e-01,4.622222306999720920e-02,6.337833389726338362e-02,0.000000000000000000e+00
1.723257388866345774e-01,3.843151704307745664e-02,5.632963116675406695e-02,0.000000000000000000e+00
1.723257388866345774e-01,3.843151704307745664e-02,4.928092843624475028e-02,0.000000000000000000e+00
1.783309602456621956e-01,3.843151704307745664e-02,4.223222701223797865e-02,0.000000000000000000e+00
1.943071346562263990e-01,3.843151704307745664e-02,3.518352428172867585e-02,0.000000000000000000e+00
2.090935817200225977e-01,4.135303180317236732e-02,2.813482155121935224e-02,0.000000000000000000e+00
2.170816950553556002e-01,6.096891456787702224e-02,2.108611882071004251e-02,0.000000000000000000e+00
2.250697953256631523e-01,8.058479863908422913e-02,1.403741609020072757e-02,0.000000000000000000e+00
2.330578825309452262e-01,1.002007192923626833e-01,6.988713620991921643e-03,0.000000000000000000e+00
2.410459697362273279e-01,1.198166438651487725e-01,-5.998895796309773186e-05,0.000000000000000000e+00
2.379300526235707536e-01,1.121650411641063189e-01,-7.108691578726198355e-03,0.000000000000000000e+00
2.299419654182886796e-01,9.254911789782277465e-02,-1.415739352533398540e-02,0.000000000000000000e+00
2.294320897354026612e-01,8.211511552108560763e-02,-2.450548944028464043e-02,0.000000000000000000e+00
2.374201638756593402e-01,8.211511552108560763e-02,-3.860289490130326684e-02,0.000000000000000000e+00
2.415558454191133464e-01,7.738504456467112935e-02,-4.930092576418574485e-02,0.000000000000000000e+00
2.335677582138312447e-01,5.776916049346391552e-02,-4.930092576418574485e-02,0.000000000000000000e+00
2.256929839742046195e-01,3.843151704307745664e-02,-4.940090717788055835e-02,0.000000000000000000e+00
2.256929839742046195e-01,3.843151704307745664e-02,-5.644960990838986808e-02,0.000000000000000000e+00
2.256929839742046195e-01,3.843151704307745664e-02,-6.349831263889918476e-02,0.000000000000000000e+00
2.194044736685256125e-01,3.843151704307745664e-02,-7.054701406290594945e-02,0.000000000000000000e+00
2.114163733982180882e-01,3.843151704307745664e-02,-7.759571679341525918e-02,0.000000000000000000e+00
2.079038674382800989e-01,3.843151704307745664e-02,-8.464441952392458279e-02,0.000000000000000000e+00
2.079038674382800989e-01,3.843151704307745664e-02,-9.169312225443389253e-02,0.000000000000000000e+00
2.079038674382800989e-01,3.843151704307745664e-02,-9.874182498494321614e-02,0.000000000000000000e+00
2.079038674382800989e-01,3.843151704307745664e-02,-1.057905277154525259e-01,0.000000000000000000e+00
2.079038674382800989e-01,3.843151704307745664e-02,-1.128392304459618495e-01,0.000000000000000000e+00
2.079038674382800989e-01,3.843151704307745664e-02,-1.198879318699686003e-01,0.000000000000000000e+00
2.079038674382800989e-01,3.843151704307745664e-02,-1.269366346004779378e-01,0.000000000000000000e+00
2.079038674382800989e-01,3.843151704307745664e-02,-1.277864792298888663e-01,0.000000000000000000e+00
2.079038674382800989e-01,3.843151704307745664e-02,-1.277864792298888663e-01,0.000000000000000000e+00
2.026917845787390426e-01,3.843151704307745664e-02,-1.323856294858601346e-01,0.000000000000000000e+00
1.947036973734569132e-01,3.843151704307745664e-02,-1.394343282968618369e-01,0.000000000000000000e+00
1.901148031624573520e-01,3.008432846801366994e-02,-1.434835846970193285e-01,0.000000000000000000e+00
1.901148031624573520e-01,1.046843485933788599e-02,-1.434835846970193285e-01,0.000000000000000000e+00
1.901148031624573520e-01,-1.356749194861274661e-03,-1.448833323277618768e-01,0.000000000000000000e+00
1.901148031624573520e-01,1.825914389121349041e-02,-1.519320311387635514e-01,0.000000000000000000e+00
1.901148031624573520e-01,3.787503841444105762e-02,-1.589807430147907041e-01,0.000000000000000000e+00
1.901148031624573520e-01,3.843151704307745664e-02,-1.591807032291752133e-01,0.000000000000000000e+00
1.901148031624573520e-01,3.843151704307745664e-02,-1.591807032291752133e-01,0.000000000000000000e+00
1.901148031624573520e-01,3.843151704307745664e-02,-1.644297339806652936e-01,0.000000000000000000e+00
1.901148031624573520e-01,3.843151704307745664e-02,-1.714784327916669682e-01,0.000000000000000000e+00
1.859791216190033458e-01,3.843151704307745664e-02,-1.748778086963056755e-01,0.000000000000000000e+00
1.779910474787466668e-01,3.843151704307745664e-02,-1.748778086963056755e-01,0.000000000000000000e+00
1.723257388866345774e-01,3.843151704307745664e-02,-1.748778086963056755e-01,0.000000000000000000e+00
1.723257388866345774e-01,3.843151704307745664e-02,-1.748778086963056755e-01,0.000000000000000000e+00
1.713059744558371178e-01,3.717943947539428806e-02,-1.748778086963056755e-01,0.000000000000000000e+00
1.553297869802474918e-01,1.756354495216672085e-02,-1.748778086963056755e-01,0.000000000000000000e+00
1.393535995046578657e-01,-2.052348264558298725e-03,-1.748778086963056755e-01,0.000000000000000000e+00
1.367475580748873099e-01,-2.166824148128332003e-02,-1.807767199433145400e-01,0.000000000000000000e+00
1.367475580748873099e-01,-4.128413469800833874e-02,-1.878254318193416372e-01,0.000000000000000000e+00
1.318753749172363321e-01,-4.893572433402535587e-02,-1.948741306303433118e-01,0.000000000000000000e+00
1.238872733404262488e-01,-4.893572433402535587e-02,-2.019228294413450142e-01,0.000000000000000000e+00
1.158991756831238007e-01,-4.893572433402535587e-02,-2.062720326955919947e-01,0.000000000000000000e+00
1.079110923973493341e-01,-4.893572433402535587e-02,-2.062720326955919947e-01,0.000000000000000000e+00
9.992300780507232250e-02,-4.893572433402535587e-02,-2.051722319189389632e-01,0.000000000000000000e+00
9.193492321279532475e-02,-4.893572433402535587e-02,-1.981235331079372608e-01,0.000000000000000000e+00
8.394683992702085817e-02,-4.893572433402535587e-02,-1.910748342969355862e-01,0.000000000000000000e+00
7.595873573720569871e-02,-6.716042097915939091e-02,-1.971237189709891813e-01,0.000000000000000000e+00
6.797063024088798033e-02,-8.677631419588439921e-02,-2.041724177819908559e-01,0.000000000000000000e+00
6.559119514489021585e-02,-1.063922074126094075e-01,-2.062720326955919947e-01,0.000000000000000000e+00
6.559119514489021585e-02,-1.260081006293344574e-01,-2.062720326955919947e-01,0.000000000000000000e+00
5.799967718935138822e-02,-1.456239886200492717e-01,-2.062720326955919947e-01,0.000000000000000000e+00
4.202349624627448044e-02,-1.652398700782514163e-01,-2.062720326955919947e-01,0.000000000000000000e+00
2.803017331043678936e-02,-1.799865602696286981e-01,-2.062720326955919947e-01,0.000000000000000000e+00
2.004208087914451791e-02,-1.799865602696286981e-01,-2.062720326955919947e-01,0.000000000000000000e+00
1.205398883980300651e-02,-1.799865602696286981e-01,-2.062720326955919947e-01,0.000000000000000000e+00
4.065896277860481418e-03,-1.799865602696286981e-01,-2.062720326955919947e-01,0.000000000000000000e+00
-3.922196153431791767e-03,-1.799865602696286981e-01,-2.062720326955919947e-01,0.000000000000000000e+00
-1.191028871537431859e-02,-1.955680141315496168e-01,-2.062720326955919947e-01,0.000000000000000000e+00
-1.989838127731684628e-02,-2.151839347848280293e-01,-2.062720326955919947e-01,0.000000000000000000e+00
-2.335422291541182360e-02,-2.236702567353276438e-01,-2.022727630827742817e-01,0.000000000000000000e+00
-2.335422291541182360e-02,-2.236702567353276438e-01,-1.952240642717725794e-01,0.000000000000000000e+00
-2.607357208482765851e-02,-2.236702567353276438e-01,-1.905749272284615325e-01,0.000000000000000000e+00
-3.406166059661229484e-02,-2.236702567353276438e-01,-1.905749272284615325e-01,0.000000000000000000e+00
-4.204975041489947968e-02,-2.236702567353276438e-01,-1.905749272284615325e-01,0.000000000000000000e+00
-5.003785591121719112e-02,-2.236702567353276438e-01,-1.905749272284615325e-01,0.000000000000000000e+00
-5.802596010103236446e-02,-2.236702567353276438e-01,-1.905749272284615325e-01,0.000000000000000000e+00
-5.893241156617436832e-02,-2.236702567353276438e-01,-1.968237721168996923e-01,0.000000000000000000e+00
-5.893241156617436832e-02,-2.236702567353276438e-01,-2.038724709279013669e-01,0.000000000000000000e+00
-5.893241156617436832e-02,-2.366083815848675498e-01,-2.062720326955919947e-01,0.000000000000000000e+00
-5.893241156617436832e-02,-2.562242630430696666e-01,-2.062720326955919947e-01,0.000000000000000000e+00
-6.238824928476171400e-02,-2.673538356157976192e-01,-2.062720326955919947e-01,0.000000000000000000e+00
-7.037633387703871868e-02,-2.673538356157976192e-01,-2.062720326955919947e-01,0.000000000000000000e+00
-7.672147845500219832e-02,-2.713883024071551686e-01,-2.077217671136743216e-01,0.000000000000000000e+00
-7.672147845500219832e-02,-2.910041708003318073e-01,-2.147704659246759962e-01,0.000000000000000000e+00
-7.672147845500219832e-02,-3.106200522585339518e-01,-2.218191647356776985e-01,0.000000000000000000e+00
-8.453960405081635543e-02,-3.110374014312421997e-01,-2.219691381627224291e-01,0.000000000000000000e+00
-9.252768864309336705e-02,-3.110374014312421997e-01,-2.219691381627224291e-01,0.000000000000000000e+00
-8.850532006529482354e-02,-2.962907243048903405e-01,-2.166701206238925981e-01,0.000000000000000000e+00
-8.051723547301781192e-02,-2.766748428466881959e-01,-2.096214218128909235e-01,0.000000000000000000e+00
-7.252915088074080030e-02,-2.570589744535115573e-01,-2.062720326955919947e-01,0.000000000000000000e+00
-6.454106628846380256e-02,-2.374431060603348631e-01,-2.062720326955919947e-01,0.000000000000000000e+00
-5.893241156617436832e-02,-2.236702567353276438e-01,-2.041724177819908559e-01,0.000000000000000000e+00
-5.893241156617436832e-02,-2.236702567353276438e-01,-1.971237189709891813e-01,0.000000000000000000e+00
-5.893241156617436832e-02,-2.222790536312239384e-01,-1.895751000264880304e-01,0.000000000000000000e+00
-5.893241156617436832e-02,-2.026631329779454704e-01,-1.754777024044846812e-01,0.000000000000000000e+00
-5.893241156617436832e-02,-1.830472123246670302e-01,-1.613802917174558815e-01,0.000000000000000000e+00
-5.893241156617436832e-02,-1.799865602696286981e-01,-1.532317921298011476e-01,0.000000000000000000e+00
-5.893241156617436832e-02,-1.799865602696286981e-01,-1.461830933187994730e-01,0.000000000000000000e+00
-5.893241156617436832e-02,-1.799865602696286981e-01,-1.478327879512662812e-01,0.000000000000000000e+00
-5.893241156617436832e-02,-1.799865602696286981e-01,-1.548814867622679836e-01,0.000000000000000000e+00
-5.893241156617436832e-02,-1.799865602696286981e-01,-1.619301986382951086e-01,0.000000000000000000e+00
-5.893241156617436832e-02,-1.799865602696286981e-01,-1.689788974492968110e-01,0.000000000000000000e+00
-6.023543228105963931e-02,-1.799865602696286981e-01,-1.771773838242912957e-01,0.000000000000000000e+00
-6.822351687333665093e-02,-1.799865602696286981e-01,-1.912747945113200954e-01,0.000000000000000000e+00
-7.621160146561364868e-02,-1.799865602696286981e-01,-2.053721921333234723e-01,0.000000000000000000e+00
-8.419968605789066030e-02,-1.799865602696286981e-01,-2.062720326955919947e-01,0.000000000000000000e+00
-9.218776934366512688e-02,-1.799865602696286981e-01,-2.062720326955919947e-01,0.000000000000000000e+00
-9.451054534383004913e-02,-1.799865602696286981e-01,-1.862757107615543029e-01,0.000000000000000000e+00
-9.451054534383004913e-02,-1.799865602696286981e-01,-1.580809024525221540e-01,0.000000000000000000e+00
-9.451054534383004913e-02,-1.705264235828099217e-01,-1.366848459527673643e-01,0.000000000000000000e+00
-9.451054534383004913e-02,-1.509105421246078049e-01,-1.225874352657385646e-01,0.000000000000000000e+00
-9.451054534383004913e-02,-1.363029683241332446e-01,-1.102896991707340985e-01,0.000000000000000000e+00
-9.451054534383004913e-02,-1.363029683241332446e-01,-1.032409964402247748e-01,0.000000000000000000e+00
-9.473715821011555183e-02,-1.368594469527696367e-01,-9.659222067099723641e-02,0.000000000000000000e+00
-1.027252637064332702e-01,-1.564753284109717535e-01,-1.036409234015065461e-01,0.000000000000000000e+00
-1.107133692027509886e-01,-1.760912098691738703e-01,-1.106896261320158698e-01,0.000000000000000000e+00
-1.187014577145356214e-01,-1.957071305224523383e-01,-1.064404082109713101e-01,0.000000000000000000e+00
-1.266895410003100741e-01,-2.153230511757307786e-01,-9.939170548046200038e-02,0.000000000000000000e+00
-1.392665341751146701e-01,-2.236702567353276438e-01,-9.639225784360760940e-02,0.000000000000000000e+00
-1.552427216507042962e-01,-2.236702567353276438e-01,-9.639225784360760940e-02,0.000000000000000000e+00
-1.684429047805529045e-01,-2.236702567353276438e-01,-9.149315942704427940e-02,0.000000000000000000e+00
-1.764309919858350062e-01,-2.236702567353276438e-01,-7.739575396602564605e-02,0.000000000000000000e+00
-1.834559777756600840e-01,-2.236702567353276438e-01,-6.244850518209862228e-02,0.000000000000000000e+00
-1.834559777756600840e-01,-2.236702567353276438e-01,-4.130239699057068614e-02,0.000000000000000000e+00
-1.834559777756600840e-01,-2.236702567353276438e-01,-2.015629010554528464e-02,0.000000000000000000e+00
-1.905942765311406384e-01,-2.061411342056920504e-01,-1.160786342595852838e-02,0.000000000000000000e+00
-1.985823898664736131e-01,-1.865252004873881597e-01,-4.559160826099467947e-03,0.000000000000000000e+00
-2.065704770717557148e-01,-1.799865602696286981e-01,-2.209593292813115048e-03,0.000000000000000000e+00
-2.145585642770378165e-01,-1.799865602696286981e-01,-2.209593292813115048e-03,0.000000000000000000e+00
-2.225466514823198905e-01,-1.799865602696286981e-01,3.989265722837034671e-03,0.000000000000000000e+00
-2.305347648176528652e-01,-1.799865602696286981e-01,1.808667118385566194e-02,0.000000000000000000e+00
-2.351236720936779045e-01,-1.799865602696286981e-01,3.218407533837174678e-02,0.000000000000000000e+00
-2.271355587583449021e-01,-1.799865602696286981e-01,4.628148079939037318e-02,0.000000000000000000e+00
-2.191474584880373777e-01,-1.799865602696286981e-01,6.037888626040900653e-02,0.000000000000000000e+00
-2.111593712827553038e-01,-1.606489246582574748e-01,6.752757040461312976e-02,0.000000000000000000e+00
-2.031712971424986525e-01,-1.410330432000553580e-01,7.457627313512243949e-02,0.000000000000000000e+00
-2.012450812465591821e-01,-1.214171473703252457e-01,8.162497586563174923e-02,0.000000000000000000e+00
-2.012450812465591821e-01,-1.018012541536002236e-01,8.867367859614105896e-02,0.000000000000000000e+00
-2.012450812465591821e-01,-9.261934632907929676e-02,9.572238002014783753e-02,0.000000000000000000e+00
-2.012450812465591821e-01,-9.261934632907929676e-02,1.027710827506571611e-01,0.000000000000000000e+00
-1.988090027327591158e-01,-8.663719388547402867e-02,1.055205768532745114e-01,0.000000000000000000e+00
-1.908208893974261411e-01,-6.702130066874900649e-02,9.847187412276518781e-02,0.000000000000000000e+00
-1.834559777756600840e-01,-4.893572433402535587e-02,9.087327361693445238e-02,0.000000000000000000e+00
-1.834559777756600840e-01,-4.893572433402535587e-02,7.677586815591581904e-02,0.000000000000000000e+00
-1.834559777756600840e-01,-4.893572433402535587e-02,6.267846269489718569e-02,0.000000000000000000e+00
-1.902543637642251095e-01,-4.893572433402535587e-02,6.057884908779861272e-02,0.000000000000000000e+00
-1.982424640345326339e-01,-4.893572433402535587e-02,6.057884908779861272e-02,0.000000000000000000e+00
-2.062305512398147633e-01,-4.893572433402535587e-02,6.497803912938537874e-02,0.000000000000000000e+00
-2.142186384450968373e-01,-4.893572433402535587e-02,7.202674185989468847e-02,0.000000000000000000e+00
-2.126889983314133314e-01,-4.114501569410051324e-02,8.187492939986877605e-02,0.000000000000000000e+00
-1.967128108558237054e-01,-2.152912247737549106e-02,9.597233486088739551e-02,0.000000000000000000e+00
-1.820963005779470678e-01,-1.913228346098690613e-03,1.088699607445632600e-01,0.000000000000000000e+00
-1.741082133726649939e-01,1.770266526257709139e-02,1.159186634750725836e-01,0.000000000000000000e+00
-1.661201261673828922e-01,3.731855847930211356e-02,1.229673662055818933e-01,0.000000000000000000e+00
-1.581320520271262409e-01,3.843151704307745664e-02,1.300160676295886719e-01,0.000000000000000000e+00
-1.501439648218441392e-01,3.843151704307745664e-02,1.370647768926107068e-01,0.000000000000000000e+00
-1.478778361589891399e-01,5.248261090841304516e-02,1.390644051665068104e-01,0.000000000000000000e+00
-1.478778361589891399e-01,7.209849367311772783e-02,1.390644051665068104e-01,0.000000000000000000e+00
-1.517869048361576712e-01,8.211511552108560763e-02,1.390644051665068104e-01,0.000000000000000000e+00
-1.597749920414397451e-01,8.211511552108560763e-02,1.390644051665068104e-01,0.000000000000000000e+00
-1.635707477529527998e-01,8.211511552108560763e-02,1.372147372546299871e-01,0.000000000000000000e+00
-1.555826605476706981e-01,8.211511552108560763e-02,1.301660410566334025e-01,0.000000000000000000e+00
-1.475945733423886241e-01,8.211511552108560763e-02,1.231173383261241067e-01,0.000000000000000000e+00
-1.396064730720810998e-01,8.211511552108560763e-02,1.160686355956147831e-01,0.000000000000000000e+00
-1.316183597367480973e-01,8.211511552108560763e-02,1.090199328651054733e-01,0.000000000000000000e+00
-1.236302751444710857e-01,6.625546545943043764e-02,1.076701811672204911e-01,0.000000000000000000e+00
-1.156421905521940741e-01,4.663958138822323768e-02,1.076701811672204911e-01,0.000000000000000000e+00
-1.076540942013941848e-01,3.843151704307745664e-02,1.117694269677228236e-01,0.000000000000000000e+00
-9.966599001157901150e-02,3.843151704307745664e-02,1.188181296982321333e-01,0.000000000000000000e+00
-8.884523805822053255e-02,4.538750382054006910e-02,1.258668324287414708e-01,0.000000000000000000e+00
-7.286907018016905435e-02,6.500338789174728293e-02,1.329155338527482078e-01,0.000000000000000000e+00
-5.791265366788961311e-02,8.211511552108560763e-02,1.390644051665068104e-01,0.000000000000000000e+00
-4.992454947807444671e-02,8.211511552108560763e-02,1.390644051665068104e-01,0.000000000000000000e+00
-4.193644398175672833e-02,8.211511552108560763e-02,1.390644051665068104e-01,0.000000000000000000e+00
-3.394835416346955043e-02,9.978335966763411669e-02,1.454132366946499499e-01,0.000000000000000000e+00
-2.596026565168490716e-02,1.193992829339176470e-01,1.524619355056516246e-01,0.000000000000000000e+00
-2.335422291541182360e-02,1.390151761506426553e-01,1.547615106336372726e-01,0.000000000000000000e+00
-2.335422291541182360e-02,1.586310445438193495e-01,1.547615106336372726e-01,0.000000000000000000e+00
-1.621592677293636278e-02,1.694823843347418590e-01,1.547615106336372726e-01,0.000000000000000000e+00
-2.397422108474046225e-04,1.694823843347418590e-01,1.547615106336372726e-01,0.000000000000000000e+00
1.222394822821662452e-02,1.694823843347418590e-01,1.532118026408754163e-01,0.000000000000000000e+00
1.222394822821662452e-02,1.694823843347418590e-01,1.461630907648482636e-01,0.000000000000000000e+00
1.222394822821662452e-02,1.694823843347418590e-01,1.391143919538465890e-01,0.000000000000000000e+00
2.015538731228726579e-02,1.500056323324678864e-01,1.390644051665068104e-01,0.000000000000000000e+00
2.814347974357954071e-02,1.303897534872708597e-01,1.390644051665068104e-01,0.000000000000000000e+00
3.001303393068110309e-02,1.257988041477693109e-01,1.336654009879719995e-01,0.000000000000000000e+00
3.001303393068110309e-02,1.257988041477693109e-01,1.266166943379550547e-01,0.000000000000000000e+00
3.431867185759290145e-02,1.257988041477693109e-01,1.233672918603611057e-01,0.000000000000000000e+00
4.230676428888516943e-02,1.257988041477693109e-01,1.233672918603611057e-01,0.000000000000000000e+00
5.029485541367489237e-02,1.196775235547384020e-01,1.233672918603611057e-01,0.000000000000000000e+00
5.828294392545953218e-02,1.000615989819523127e-01,1.233672918603611057e-01,0.000000000000000000e+00
6.559119514489021585e-02,8.378455532650243287e-02,1.233672918603611057e-01,0.000000000000000000e+00
6.559119514489021585e-02,1.034004798992885082e-01,1.233672918603611057e-01,0.000000000000000000e+00
6.559119514489021585e-02,1.230164044720745836e-01,1.233672918603611057e-01,0.000000000000000000e+00
6.559119514489021585e-02,1.257988041477693109e-01,1.233672918603611057e-01,0.000000000000000000e+00
6.559119514489021585e-02,1.257988041477693109e-01,1.233672918603611057e-01,0.000000000000000000e+00
7.063333207299388183e-02,1.381804516751753420e-01,1.233672918603611057e-01,0.000000000000000000e+00
7.862143756931160021e-02,1.577963331333774588e-01,1.233672918603611057e-01,0.000000000000000000e+00
8.660953392011150331e-02,1.694823843347418590e-01,1.205178163440489419e-01,0.000000000000000000e+00
9.459761851238851493e-02,1.694823843347418590e-01,1.134691136135396322e-01,0.000000000000000000e+00
1.011693759566374834e-01,1.729603724974629886e-01,1.076701811672204911e-01,0.000000000000000000e+00
1.011693759566374834e-01,1.925762408906396550e-01,1.076701811672204911e-01,0.000000000000000000e+00
1.011693759566374834e-01,2.121921223488417718e-01,1.076701811672204911e-01,0.000000000000000000e+00
9.357786322710884286e-02,2.131659501501863840e-01,1.076701811672204911e-01,0.000000000000000000e+00
8.558977863483183124e-02,2.131659501501863840e-01,1.076701811672204911e-01,0.000000000000000000e+00
8.338030906780966034e-02,2.131659501501863840e-01,9.747205867931459100e-02,0.000000000000000000e+00
8.338030906780966034e-02,2.131659501501863840e-01,8.337465321829595766e-02,0.000000000000000000e+00
8.338030906780966034e-02,2.034275806815621368e-01,6.927724775727732431e-02,0.000000000000000000e+00
8.338030906780966034e-02,1.838117122883854426e-01,5.517984360276124989e-02,0.000000000000000000e+00
8.338030906780966034e-02,1.641958308301833258e-01,4.298208892145157639e-02,0.000000000000000000e+00
8.338030906780966034e-02,1.445799624370066594e-01,3.593338619094226666e-02,0.000000000000000000e+00
8.372022706073536935e-02,1.257988041477693109e-01,2.888468346043294999e-02,0.000000000000000000e+00
9.170831165301236709e-02,1.257988041477693109e-01,2.183598072992363678e-02,0.000000000000000000e+00
9.969639493878683367e-02,1.257988041477693109e-01,1.478727799941432185e-02,0.000000000000000000e+00
1.011693759566374834e-01,1.257988041477693109e-01,7.738575530205515918e-03,0.000000000000000000e+00
1.011693759566374834e-01,1.257988041477693109e-01,6.898730218016340928e-04,0.000000000000000000e+00
1.011693759566374834e-01,1.257988041477693109e-01,-2.209593292813115048e-03,0.000000000000000000e+00
1.011693759566374834e-01,1.257988041477693109e-01,-2.209593292813115048e-03,0.000000000000000000e+00
1.011693759566374834e-01,1.257988041477693109e-01,-4.759124045439845456e-03,0.000000000000000000e+00
1.011693759566374834e-01,1.257988041477693109e-01,-1.180782651464865052e-02,0.000000000000000000e+00
1.011693759566374834e-01,1.257988041477693109e-01,-1.885652911450770922e-02,0.000000000000000000e+00
1.011693759566374834e-01,1.257988041477693109e-01,-2.590523184501702589e-02,0.000000000000000000e+00
1.011693759566374834e-01,1.257988041477693109e-01,-3.295393457552633909e-02,0.000000000000000000e+00
8.666616819239598979e-02,1.257988041477693109e-01,-2.720499283605459784e-02,0.000000000000000000e+00
7.068997941030380483e-02,1.257988041477693109e-01,-2.015629010554528464e-02,0.000000000000000000e+00
5.471379585422180697e-02,1.124432817849270599e-01,-1.310758737503597143e-02,0.000000000000000000e+00
3.873761491114489225e-02,9.282735721214097069e-02,-6.058884775176911867e-03,0.000000000000000000e+00
3.001303393068110309e-02,9.101879709631377491e-02,9.898178116171227250e-04,0.000000000000000000e+00
3.001303393068110309e-02,1.106347216690998503e-01,8.038520424541208131e-03,0.000000000000000000e+00
3.182593424796002074e-02,1.257988041477693109e-01,1.188781177625474958e-02,0.000000000000000000e+00
3.981402667925229566e-02,1.257988041477693109e-01,4.839109307045944518e-03,0.000000000000000000e+00
4.780211911054456364e-02,1.257988041477693109e-01,-2.209593292813115048e-03,1.306502544165469293e-01
